{"area": 176894.98828125, "layer": "-_\u043b\u0438\u043d\u0438\u044f", "pts": [[2285496.793804431, 455564.0572108596], [2285271.534709594, 455467.5801074756], [2285264.691534755, 455456.1901989831], [2285255.616990369, 455428.2793077792], [2285235.08228978, 455422.6741333015], [2285226.873983089, 455420.535906456], [2285211.374574533, 455393.0184301783], [2285192.752426752, 455364.7584609034], [2285174.575814293, 455340.4300864401], [2285155.317391972, 455328.5526194485], [2285142.868874112, 455312.8087683289], [2285125.087805681, 455297.5416799808], [2285117.1871066, 455291.7266801827], [2285115.970109671, 455282.8827440853], [2285088.274211724, 455270.2088398742], [2285071.275499618, 455267.201383782], [2285046.920500714, 455267.9788415656], [2285012.836040926, 455267.4498259114], [2284996.087772911, 455255.6746778701], [2284976.611260917, 455248.2285302134], [2284960.242113603, 455245.5592386238], [2284945.144628644, 455238.3669346577], [2284931.997011894, 455245.1987186324], [2284920.670058668, 455243.7327564304], [2284909.714002518, 455235.4061754056], [2284895.917497255, 455225.6648612778], [2284884.773674149, 455228.5310167648], [2284869.579485846, 455234.0359431863], [2284854.558889092, 455220.8311966115], [2284843.036997495, 455214.1540259497], [2284837.887600589, 455210.8129897662], [2284835.25972613, 455206.9262019303], [2284818.924059598, 455201.1927543466], [2284811.247330943, 455206.2256482865], [2284798.981100993, 455205.6179258767], [2284786.90791585, 455215.9834323406], [2284776.635222429, 455220.272845605], [2284767.18599028, 455230.9734360865], [2284751.641373132, 455239.9509923696], [2284741.217718777, 455248.7248069994], [2284730.27049317, 455254.1333976766], [2284714.572277919, 455252.9804020909], [2284693.780734605, 455257.8297122978], [2284680.467464844, 455268.0677093935], [2284653.360302559, 455273.3545385115], [2284636.007293709, 455282.0349881314], [2284628.482296265, 455294.9758523226], [2284612.23371657, 455306.7006036207], [2284602.726351832, 455310.6755663938], [2284597.273009845, 455318.5246816889], [2284582.867169618, 455311.667361227], [2284563.654672514, 455311.1564940722], [2284526.553219637, 455315.5215222196], [2284523.182423813, 455304.4668237898], [2284520.36127688, 455295.0685535652], [2284514.099222086, 455291.0585939666], [2284504.473489374, 455298.9714118818], [2284508.141207197, 455301.8239178126], [2284506.29774527, 455310.0300983391], [2284508.782337506, 455313.2872163638], [2284510.142572622, 455324.8405575168], [2284527.766327633, 455335.7270681357], [2284540.337150813, 455340.1886031252], [2284563.398499207, 455347.1847187164], [2284589.467824269, 455355.3810509504], [2284619.854532303, 455350.7676696478], [2284626.009478858, 455340.6143786173], [2284639.58373094, 455336.7268726604], [2284658.324749132, 455339.508133573], [2284668.892890215, 455350.6069128077], [2284679.8585649, 455361.8409588347], [2284684.731216519, 455377.0024874529], [2284692.975659608, 455389.5054853931], [2284710.978935487, 455407.103606249], [2284718.303704018, 455409.2547060112], [2284740.26885328, 455406.0895483154], [2284758.33322737, 455406.5657268686], [2284781.769965588, 455410.5524941881], [2284791.978840097, 455412.3322809123], [2284804.316746173, 455410.2726219363], [2284822.936854807, 455413.0627975937], [2284850.268036448, 455413.4574786245], [2284873.285186628, 455426.263427365], [2284883.251663308, 455440.7445321279], [2284894.66875218, 455457.440924629], [2284910.111921048, 455460.4708308635], [2284926.44397076, 455468.0553066729], [2284939.233762395, 455465.9424174596], [2284942.664629251, 455475.3907162381], [2284978.88610038, 455500.0988570897], [2284999.525273119, 455523.7278033433], [2285083.629423574, 455583.7208320259], [2285095.21488109, 455659.5100868937], [2285083.848513926, 455690.389100756], [2285068.146214106, 455703.9474302034], [2285089.372724078, 455722.7060752708], [2285119.864850366, 455755.4001155726], [2285144.514772924, 455730.394764148], [2285151.626723569, 455731.1934767369], [2285189.265070284, 455692.1793425218], [2285193.17427686, 455688.6829965907], [2285199.130718699, 455611.9754303605], [2285206.761449077, 455609.3498284075], [2285234.688547138, 455599.0987805351], [2285257.241670428, 455595.8376864252], [2285294.099652763, 455602.2066294355], [2285318.192560363, 455614.0544535652], [2285343.136134743, 455625.7893317973], [2285418.471832577, 455642.7369364155], [2285414.141628511, 455612.349672685], [2285496.793804431, 455564.0572108596]]}